Username,Role
Sharon Aguilar,Admin
Daniel Diaz,Admin
María Torres,User
Mónica Martínez,User
Héctor Sánchez,User
Pedro Romero,User
Carlos Martínez,User
Paula Rodríguez,User
Héctor Gómez,User
Valentina Díaz,User
María Rodríguez,User
Pedro Romero,User
Valentina Martínez,User
Sofía Rodríguez,User
Raúl Pérez,User
Luis Fernández,User
Mónica Rodríguez,User
Paula Gómez,User
Héctor Díaz,User
Luis Torres,User
Sofía Romero,User
Ana Romero,User
Carlos Rodríguez,User
Camila Torres,User
Camila Torres,User
Raúl Vargas,User
María Sánchez,User
Mónica Torres,User
Andrés Díaz,User
Ana Martínez,User
Sebastián Gómez,User
Lucía Fernández,User
Ana Gómez,User
Carlos Rodríguez,User
Paula Gómez,User
María Pérez,User
Mónica Torres,User
Diego Sánchez,User
Sofía Torres,User
Paula Fernández,User
Camila Martínez,User
Sofía Martínez,User
María Díaz,User
Valentina Romero,User
Elena Pérez,User
Valentina Romero,User
Sebastián Martínez,User
Pedro Sánchez,User
Diego Martínez,User
Valentina Gómez,User
Jorge Romero,User
Carlos Gómez,User
Valentina Gómez,User
Ana Torres,User
Jorge Fernández,User
Luis Gómez,User
Camila Torres,User
María Vargas,User
Héctor Torres,User
Raúl Torres,User
Mónica Romero,User
Andrés Fernández,User
Sebastián Sánchez,User
Carlos Pérez,User
Paula Gómez,User
Andrés Romero,User
Mónica Fernández,User
María Torres,User
Luis Gómez,User
Héctor Romero,User
Fernando Díaz,User
Lucía Vargas,User
Elena Martínez,User
Ana Gómez,User
Camila Torres,User
Valentina Martínez,User
Raúl Torres,User
Héctor Vargas,User
Pedro Fernández,User
Andrés Torres,User
Raúl Torres,User
Andrés Gómez,User
Carlos Rodríguez,User
Elena Sánchez,User
Héctor Fernández,User
Elena Gómez,User
Mónica Rodríguez,User
Diana Vargas,User
Diego Romero,User
Valentina Pérez,User
María Rodríguez,User
Carlos Rodríguez,User
Fernando Romero,User
Jorge Martínez,User
Diego Martínez,User
Paula Sánchez,User
Héctor Rodríguez,User
Diego Pérez,User
Jorge Romero,User
Valentina Romero,User
Test,User
Test1,User
